id,location_id,service_id,organization_id,contact_id,service_at_location_id,number,extension,type,language,description,department
1,,21902,,,,"(217) 586-2611 - Voice",,,,,
2,,21904,,,,"(217) 893-5700 - Voice",,,,,
3,,21905,,,,"(217) 893-5700 - Voice",,,,,
4,,21907,,,,"(217) 892-6824 - Voice",,,,,
5,,23773,,,,"(217) 892-6824 - Voice",,,,,
6,,22138,,,,"(217) 356-3852 - Voice",,,,,
7,,22139,,,,"(217) 356-3852 - Voice",,,,,
8,,22140,,,,"(217) 359-2122 - Voice",,,,,
9,,22168,,,,"(217) 333-1000 - Voice",,,,,
10,,22235,,,,"(217) 475-0270 - Voice - SHIP/MedAssist",,,,,
11,,22393,,,,"(217) 379-4302 - Voice",,,,,
12,,22394,,,,"(217) 379-4302 - Voice",,,,,
13,,22395,,,,"(217) 379-4302 - Voice",,,,,
14,,22396,,,,"(217) 379-4302 - Voice",,,,,
15,,22398,,,,"(217) 379-4302 - Voice",,,,,
16,,22400,,,,"(217) 379-4302 - Voice",,,,,
17,,22401,,,,"(217) 379-4302 - Voice",,,,,
18,,22403,,,,"(217) 379-4302 - Voice",,,,,
19,,22404,,,,"(217) 379-4302 - Voice",,,,,
20,,22406,,,,"(217) 379-4302 - Voice",,,,,
21,,22407,,,,"(217) 379-4302 - Voice",,,,,
22,,22408,,,,"(217) 379-4302 - Voice",,,,,
23,,22410,,,,"(217) 403-3710 - Voice",,,,,
24,,22411,,,,"(217) 403-3710 - Voice",,,,,
25,,22412,,,,"(217) 403-3710 - Voice",,,,,
26,,22413,,,,"(217) 403-3710 - Voice",,,,,
27,,22579,,,,"(217) 351-3701 - Voice",,,,,
28,,22944,,,,"(217) 552-1177 - Voice",,,,,
29,,30304,,,,"(217) 552-1177 - Voice",,,,,
30,,22946,,,,"(217) 649-1389 - Voice/Text",,,,,
31,,30679,,,,"(217) 649-1389 - Voice/Text",,,,,
32,,24331,,,,"(217) 359-3631 - Voice - Shelter Coordinator",,,,,
33,,23218,,,,"(217) 337-9057 - Voice",,,,,
34,,23219,,,,"(217) 337-9057 - Voice",,,,,
35,,23222,,,,"(217) 337-9057 - Voice",,,,,
36,,25000,,,,"(217) 337-9057 - Voice",,,,,
37,,25001,,,,"(217) 337-9057 - Voice",,,,,
38,,25065,,,,"(217) 337-9057 - Voice",,,,,
39,,25066,,,,"(217) 337-9057 - Voice",,,,,
40,,25067,,,,"(217) 337-9057 - Voice",,,,,
41,,31184,,,,,,,,,
42,,31185,,,,,,,,,
43,,25002,,,,"(217) 531-2360 - Voice",,,,,
44,,25003,,,,"(217) 531-2360 - Voice",,,,,
45,,25004,,,,"(217) 531-2360 - Voice",,,,,
46,,25005,,,,"(217) 531-2360 - Voice",,,,,
47,,25006,,,,"(217) 531-2360 - Voice",,,,,
48,,31221,,,,"(217) 344-2144 - Voice",,,,,
49,,23384,,,,"(630) 754-4500 - Voice",,,,,
50,,24445,,,,"(630) 754-4500 - Voice",,,,,
51,,23401,,,,"(847) 262-5134 - Voice",,,,,
52,,14304,,,,,,,,,
53,,14306,,,,,,,,,
54,,23558,,,,"(847) 668-2114 - Voice",,,,,
55,,31796,,,,"(847) 668-2114 - Voice",,,,,
56,,31797,,,,"(847) 668-2114 - Voice",,,,,
57,,31798,,,,"(847) 668-2114 - Voice",,,,,
58,,23872,,,,"(217) 784-4540 - Voice",,,,,
59,,23873,,,,"(217) 784-4540 - Voice",,,,,
60,,23874,,,,"(217) 784-4540 - Voice",,,,,
61,,23876,,,,"(217) 784-4540 - Voice",,,,,
62,,23877,,,,"(217) 784-4540 - Voice",,,,,
63,,30887,,,,"(217) 784-2607 - Voice - Social Services Contact",,,,,
64,,24050,,,,"(217) 620-2288 - Voice/Text - Stop The Violence Project",,,,,
65,,24074,,,,"(217) 328-6409 - Voice",,,,,
66,,102,,,,,,,,,
67,,24186,,,,"(217) 398-9077 - Voice",,,,,
68,,24189,,,,"(217) 398-9077 - Voice",,,,,
69,,24187,,,,"(217) 398-9077 - Voice",,,,,
70,,24190,,,,"(217) 398-9077 - Voice",,,,,
71,,24188,,,,"(217) 398-9077 - Voice",,,,,
72,,24191,,,,"(217) 398-9077 - Voice",,,,,
73,,1873,,,,"(888) 671-0300 - Voice",,,,,
74,,1874,,,,"(217) 398-3011 - Voice",,,,,
75,,1875,,,,"(217) 398-3011 - Voice",,,,,
76,,24256,,,,"(217) 892-6035 - Voice - Trisha Freeman, Contact",,,,,
77,,24285,,,,"(309) 212-2205 - Voice",,,,,
78,,24286,,,,"(309) 212-2205 - Voice",,,,,
79,,24333,,,,"(217) 344-1593 - Voice",,,,,
80,,24334,,,,"(217) 344-5091 - Voice",,,,,
81,,24336,,,,"(217) 384-3798 - Voice - Office",,,,,
82,,24386,,,,"(866) 364-6667 - Toll-free - 24/7",,,,,
83,,24391,,,,"(847) 205-4455 - Voice",,,,,
84,,24494,,,,"(309) 530-3327 - Voice",,,,,
85,,24618,,,,"(217) 431-8825 - 4 - Voice",,,,,
86,,11107,,,,"(217) 356-1351 - Voice - Regional Office",,,,,
87,,31706,,,,"(217) 356-1351 - Voice - Regional Office",,,,,
88,,30927,,,,"(309) 829-8703 - Voice",,,,,
89,,24750,,,,"(217) 721-2686 - Voice",,,,,
90,,24828,,,,"(217) 351-3722 - Voice - Champaign Unit School District #4",,,,,
91,,24829,,,,"(217) 351-3722 - Voice - Champaign Unit School District #4",,,,,
92,,24980,,,,"(217) 259-1237 - Voice - First.IL",,,,,
93,,25022,,,,"(855) 452-3526 - Voice - (855-IL-AFLAN)",,,,,
94,,25091,,,,"(815) 370-6147 - Voice",,,,,
95,,25092,,,,"(815) 370-6147 - Voice",,,,,
96,,25158,,,,"(815) 370-6147 - Voice",,,,,
97,,25216,,,,"(800) 676-2229 - Toll Free",,,,,
98,,25268,,,,"(847) 240-0027 - Voice",,,,,
99,,1848,,,,"(888) 510-2229 - Toll-free - (888-510-BABY) Crisis Number",,,,,
100,,25338,,,,"(217) 528-4713 - Voice",,,,,
101,,29726,,,,"(217) 528-4713 - Voice",,,,,
102,,29727,,,,"(217) 528-4713 - Voice",,,,,
103,,25597,,,,"(312) 726-5699 - Voice",,,,,
104,,25598,,,,"(312) 726-5699 - Voice",,,,,
105,,25599,,,,"(312) 726-5699 - Voice",,,,,
106,,25638,,,,"(800) 572-2275 - Toll-free - National Hotline",,,,,
107,,10421,,,,"(866) 436-7842 - Toll-free",,,,,
108,,30003,,,,"(217) 522-7016 - Voice/TTY - Springfield Office",,,,,
109,,14313,,,,"(217) 351-7744 - Voice",,,,,
110,,14314,,,,"(217) 351-7744 - Voice",,,,,
111,,14315,,,,"(217) 351-7744 - Voice",,,,,
112,,14316,,,,"(217) 351-7744 - Voice",,,,,
113,,14317,,,,"(217) 351-7744 - Voice",,,,,
114,,14319,,,,"(217) 351-7744 - Voice",,,,,
115,,21436,,,,"(800) 550-4900 - Toll-free - 24-Hour",,,,,
116,,26252,,,,"(708) 331-7370 - Voice",,,,,
117,,26474,,,,"(630) 758-2600 - Voice",,,,,
118,,30545,,,,"(217) 782-0244 - Voice - Office of the Governor",,,,,
119,,26697,,,,"(630) 443-9876 - Voice",,,,,
120,,26698,,,,"(630) 443-9876 - Voice",,,,,
121,,30266,,,,"(630) 443-9876 - Voice",,,,,
122,,26744,,,,"(217) 753-4117 - Voice",,,,,
123,,26745,,,,"(217) 753-4117 - Voice",,,,,
124,,30298,,,,"(217) 753-4117 - Voice",,,,,
125,,30299,,,,"(217) 753-4117 - Voice",,,,,
126,,30332,,,,"(855) 435-7693 - Toll-free - Family Support Hotline",,,,,
127,,26750,,,,"(800) 524-0795 - Toll-free - Within Illinois",,,,,
128,,26751,,,,"(800) 524-0795 - Toll-free - Within Illinois",,,,,
129,,30463,,,,"(217) 652-9611 - Voice - Administration",,,,,
130,,30464,,,,"(217) 652-9611 - Voice - Administration",,,,,
131,,26813,,,,"(312) 814-2420 - Voice",,,,,
132,,26814,,,,"(312) 814-2420 - Voice",,,,,
133,,26833,,,,"(630) 697-3544 - Voice/Text",,,,,
134,,30339,,,,"(630) 697-3544 - Voice/Text",,,,,
135,,30340,,,,"(630) 697-3544 - Voice/Text",,,,,
136,,26839,,,,"(847) 441-7200 - Voice",,,,,
137,,26841,,,,"(312) 836-5200 - Voice",,,,,
138,,26844,,,,"(312) 836-5200 - Voice",,,,,
139,,30375,,,,"(708) 430-7532 - Voice",,,,,
140,,30292,,,,"(800) 344-4867 - Toll-free",,,,,
141,,30016,,,,"(847) 205-4455 - Toll-free - Main Number - Leave Voice Mail for Telephone Support",,,,,
142,,2199,,,,"(877) 437-9588 - Toll-free",,,,,
143,,27790,,,,"(312) 922-2200 - Voice",,,,,
144,,27791,,,,"(312) 922-2200 - Voice",,,,,
145,,27939,,,,"(312) 251-1680 - Voice",,,,,
146,,29785,,,,"(312) 251-1680 - Voice",,,,,
147,,29786,,,,"(312) 251-1680 - Voice",,,,,
148,,28419,,,,"(312) 822-6699 - Voice - Administrative Office",,,,,
149,,83,,,,"(800) 526-0844 - TTY - TTY Users",,,,,
150,,21064,,,,"(217) 867-2050 - Voice",,,,,
151,,930,,,,"(312) 651-7350 - Voice - IL Chapter (Chicago) Office",,,,,
152,,30427,,,,"(217) 893-3955 - Voice",,,,,
153,,31837,,,,"(217) 365-2857 - Voice",,,,,
154,,31838,,,,"(217) 365-2857 - Voice",,,,,
155,,932,,,,"(217) 352-6989 - Voice",,,,,
156,,223,,,,"(800) 252-8966 - Toll-free - Senior Helpline",,,,,
157,,10897,,,,"(800) 252-8966 - Toll-free - Senior Helpline",,,,,
158,,10898,,,,"(800) 252-8966 - Toll-free - Senior Helpline",,,,,
159,,14389,,,,"(217) 352-3536 - Voice",,,,,
160,,24410,,,,"(217) 352-3536 - Voice",,,,,
161,,5273,,,,"(217) 544-9470 - Voice",,,,,
162,,455,,,,"(800) 243-2437 - Toll-free - (800-AID-AIDS)",,,,,
163,,19786,,,,"(217) 352-5135 - Voice",,,,,
164,,784,,,,"(877) 725-0569 - Toll-free - Participants (Medicaid recipients only)",,,,,
165,,14405,,,,"(217) 398-5210 - Voice",,,,,
166,,17647,,,,"(217) 384-4390 - Voice - 24-Hour Hotline",,,,,
167,,6,,,,"(309) 677-7272 - Voice",,,,,
168,,95,,,,"(877) 272-7337 - Toll-free - Emergency Military Communications & Military Family Support",,,,,
169,,365,,,,"(309) 677-7272 - Voice",,,,,
170,,369,,,,"(800) 733-2767 - Toll-free - 1-800-RED CROSS",,,,,
171,,441,,,,"(309) 677-7272 - Voice",,,,,
172,,553,,,,"(309) 677-7272 - Voice",,,,,
173,,23255,,,,"(309) 662-0500 - Voice",,,,,
174,,23256,,,,"(309) 662-0500 - Voice",,,,,
175,,23257,,,,"(309) 662-0500 - Voice",,,,,
176,,23258,,,,"(309) 662-0500 - Voice",,,,,
177,,23259,,,,"(309) 662-0500 - Voice",,,,,
178,,23260,,,,"(309) 662-0500 - Voice",,,,,
179,,14331,,,,"(217) 280-4019 - Voice - Retail Store",,,,,
180,,14333,,,,"(217) 503-0456 - Voice - Career Center",,,,,
181,,937,,,,"(773) 444-0305 - Voice",,,,,
182,,9628,,,,"(773) 444-0305 - Voice",,,,,
183,,24917,,,,"(773) 444-0305 - Voice",,,,,
184,,24918,,,,"(773) 444-0305 - Voice",,,,,
185,,335,,,,"(800) 222-1222 - National Toll-free - 24 hours",,,,,
186,,23053,,,,"(309) 557-1400 - Voice - Adult and pediatric primary health care services",,,,,
187,,1737,,,,"(877) 557-2672 - Voice - LLS Financial Assistance Programs",,,,,
188,,1738,,,,,,,,,
189,,25021,,,,"(844) 565-2269 - Voice - Travel Assistance Direct Line",,,,,
190,,142,,,,"(800) 851-2166 - Toll-free",,,,,
191,,17622,,,,"(800) 851-2166 - Toll-free",,,,,
192,,13994,,,,"(800) 586-4872 - Toll-free - 800-LUNG-USA",,,,,
193,,15142,,,,"(800) 586-4872 - Toll-free - 800-LUNG-USA",,,,,
194,,212,,,,"(800) 252-2873 - Toll-free - Child Abuse Hotline (1-800-25-ABUSE)",,,,,
195,,29658,,,,"(217) 607-1906 - Voice",,,,,
196,,406,,,,"(217) 693-7958 - Voice",,,,,
197,,30136,,,,"(217) 356-1879 - Voice",,,,,
198,,670,,,,"(815) 756-5633 - Voice",,,,,
199,,1459,,,,"(815) 756-5633 - Voice",,,,,
200,,1646,,,,"(815) 756-5633 - Voice",,,,,
201,,12627,,,,"(815) 756-5633 - Voice",,,,,
202,,12628,,,,"(815) 756-5633 - Voice",,,,,
203,,30831,,,,"(217) 377-9273 - Voice - Last Sun/month, 1-4 pm.",,,,,
204,,31307,,,,,,,,,
205,,13419,,,,"(800) 252-8966 - Toll-free - Senior Helpline",,,,,
206,,14388,,,,"(217) 352-3536 - Voice",,,,,
207,,264,,,,"(217) 352-7151 - Voice - Administration",,,,,
208,,13217,,,,"(217) 384-4390 - Voice - 24-Hour Hotline",,,,,
209,,13218,,,,"(217) 384-4390 - Voice - 24-Hour Hotline",,,,,
210,,13219,,,,"(217) 384-4390 - Voice - 24-Hour Hotline",,,,,
211,,13220,,,,"(217) 384-4390 - Voice - 24-Hour Hotline",,,,,
212,,13221,,,,"(217) 384-4390 - Voice - 24-Hour Hotline",,,,,
213,,15199,,,,"(217) 352-7151 - Voice - Administration",,,,,
214,,866,,,,"(309) 677-7272 - Voice",,,,,
215,,1576,,,,"(309) 677-7272 - Voice",,,,,
216,,14253,,,,"(877) 272-7337 - Toll-free - Emergency Military Communications & Military Family Support",,,,,
217,,21716,,,,"(309) 677-7272 - Voice",,,,,
218,,23251,,,,"(309) 662-0500 - Voice",,,,,
219,,23252,,,,"(309) 662-0500 - Voice",,,,,
220,,23253,,,,"(309) 662-0500 - Voice",,,,,
221,,23254,,,,"(309) 662-0500 - Voice",,,,,
222,,20878,,,,"(217) 503-6076 - Voice - Retail Store",,,,,
223,,288,,,,"(800) 444-3338 - Toll-free",,,,,
224,,384,,,,"(217) 331-2923 - Voice",,,,,
225,,304,,,,"(309) 589-7033 - Voice - Peoria",,,,,
226,,308,,,,"(800) 477-8191 - National Toll-free",,,,,
227,,30703,,,,"(309) 684-3795 - Voice",,,,,
228,,206,,,,"(800) 426-0709 - Toll-free",,,,,
229,,362,,,,"(888) 425-2666 - National Toll-free - Meeting line available 24/7",,,,,
230,,13754,,,,"(866) 794-8515 - Toll-free - Champaign Answering Service",,,,,
231,,12872,,,,"(217) 352-3536 - 2 - Voice",,,,,
232,,667,,,,"(309) 691-6906 - Voice",,,,,
233,,24143,,,,"(217) 530-4040 - Voice",,,,,
234,,25007,,,,"(217) 530-4040 - Voice",,,,,
235,,25008,,,,"(217) 530-4040 - Voice",,,,,
236,,30734,,,,"(217) 530-4040 - Voice",,,,,
237,,765,,,,,,,,,
238,,13791,,,,"(800) 244-5631 - Toll-free",,,,,
239,,31085,,,,"(800) 244-5631 - Toll-free",,,,,
240,,16267,,,,"(800) 539-0475 - Toll-free - 24/7 Helpline",,,,,
241,,22419,,,,"(800) 539-0475 - Toll-free - 24/7 Helpline",,,,,
242,,9641,,,,"(217) 443-2999 - Voice",,,,,
243,,22823,,,,"(217) 443-2999 - Voice",,,,,
244,,1711,,,,"(217) 352-5100 - Voice - Senior Resource Center",,,,,
245,,5256,,,,"(217) 352-0099 - Voice - Self-Help Center",,,,,
246,,13415,,,,"(217) 352-5100 - Voice - Senior Resource Center",,,,,
247,,30423,,,,"(217) 359-6500 - Voice - RSVP (Retired & Senior Volunteer Program)",,,,,
248,,30425,,,,"(217) 359-6500 - Voice - RSVP (Retired & Senior Volunteer Program)",,,,,
249,,905,,,,"(877) 969-0010 - National Toll-free",,,,,
250,,10646,,,,,,,,,
251,,16749,,,,"(309) 662-8392 - Voice",,,,,
252,,16750,,,,"(309) 662-8392 - Voice",,,,,
253,,16751,,,,"(888) 572-8566 - MedicAlert & Safe Return Hotline",,,,,
254,,16752,,,,"(309) 662-8392 - Voice",,,,,
255,,16753,,,,"(309) 662-8392 - Voice",,,,,
256,,122,,,,"(800) 252-2873 - Toll-free - 24-hour Abuse/Neglect Reporting Hotline",,,,,
257,,24622,,,,"(800) 232-3798 - Toll-free - Youth Hotline/Advocacy",,,,,
258,,1067,,,,"(800) 252-2873 - Toll-free - 24-hour Abuse/Neglect Reporting Hotline",,,,,
259,,24629,,,,"(217) 278-5400 - Voice",,,,,
260,,24837,,,,"(217) 278-5400 - Voice",,,,,
261,,1178,,,,"(217) 278-5605 - Voice",,,,,
262,,1179,,,,"(217) 278-5605 - Voice",,,,,
263,,2314,,,,"(618) 382-4165 - Voice - Residential Care",,,,,
264,,10772,,,,"(618) 242-4944 - Voice",,,,,
265,,2338,,,,"(800) 723-3546 - Toll-free - Enrollment and Plan Changes Support",,,,,
266,,11128,,,,"(800) 758-0464 - Toll-free",,,,,
267,,58,,,,"(309) 451-9495 - Voice",,,,,
268,,14308,,,,"(217) 403-0790 - Voice",,,,,
269,,14309,,,,"(217) 403-0790 - Voice",,,,,
270,,14411,,,,"(217) 356-9076 - Voice",,,,,
271,,31173,,,,"(217) 356-9076 - Voice",,,,,
272,,1071,,,,"(217) 278-3500 - Voice",,,,,
273,,1100,,,,"(217) 278-3500 - Voice",,,,,
274,,1606,,,,"(217) 278-3500 - Voice",,,,,
275,,15266,,,,"(217) 278-3500 - Voice",,,,,
276,,16245,,,,"(217) 278-3500 - Voice",,,,,
277,,401,,,,"(626) 960-3500 - Voice - Administrative",,,,,
278,,5183,,,,"(217) 384-4444 - Voice - Rape Crisis Hotline",,,,,
279,,13061,,,,"(217) 384-4444 - Voice - Rape Crisis Hotline",,,,,
280,,13062,,,,"(217) 344-6298 - Voice - Business",,,,,
281,,13063,,,,"(217) 384-4444 - Voice - Rape Crisis Hotline",,,,,
282,,19395,,,,"(217) 384-4444 - Voice - Rape Crisis Hotline",,,,,
283,,5194,,,,"(651) 647-9712 - Voice",,,,,
284,,650,,,,"(800) 252-8966 - Senior Helpline",,,,,
285,,9913,,,,"(800) 252-8966 - Senior Helpline",,,,,
286,,15373,,,,"(800) 252-8966 - Senior Helpline",,,,,
287,,13284,,,,"(217) 344-6214 - Voice",,,,,
288,,13789,,,,"(800) 244-5631 - Toll-free",,,,,
289,,13790,,,,"(312) 793-1597 - Voice - RESP Hotline",,,,,
290,,1712,,,,"(217) 352-5100 - Voice - Senior Resource Center",,,,,
291,,2222,,,,"(217) 352-5100 - Voice - Senior Resource Center",,,,,
292,,2224,,,,"(217) 352-5100 - Voice - Senior Resource Center",,,,,
293,,2225,,,,"(217) 352-5100 - Voice - Senior Resource Center",,,,,
294,,5252,,,,"(217) 352-0099 - Voice - Family Service",,,,,
295,,5253,,,,"(217) 352-5100 - Voice - Senior Resource Center",,,,,
296,,22584,,,,"(217) 789-2830 - Voice",,,,,
297,,942,,,,"(217) 893-3219 - Voice",,,,,
298,,15167,,,,"(217) 893-3219 - Voice",,,,,
299,,15169,,,,"(217) 893-3219 - Voice",,,,,
300,,29328,,,,"(217) 893-3219 - Voice",,,,,
301,,15168,,,,"(217) 239-0322 - Voice",,,,,
302,,16748,,,,"(309) 662-8392 - Voice",,,,,
303,,13757,,,,"(217) 398-6511 - Voice",,,,,
304,,13758,,,,"(217) 398-6511 - Voice",,,,,
305,,14419,,,,"(217) 398-6511 - Voice",,,,,
306,,22336,,,,"(217) 398-6511 - Voice",,,,,
307,,1449,,,,"(217) 378-7100 - Voice",,,,,
308,,16535,,,,"(217) 378-7100 - Voice",,,,,
309,,1073,,,,"(800) 226-0768 - Toll-free",,,,,
310,,1079,,,,"(800) 683-9793 - Toll-free - Frontier Customers",,,,,
311,,1180,,,,"(217) 278-5605 - Voice",,,,,
312,,2099,,,,"(217) 278-5605 - Voice",,,,,
313,,2100,,,,"(800) 447-4278 - Toll-free - Child Support Hotline",,,,,
314,,2101,,,,"(217) 278-5605 - Voice",,,,,
315,,12771,,,,"(217) 278-5605 - Voice",,,,,
316,,15284,,,,"(217) 278-5605 - Voice",,,,,
317,,31931,,,,"(217) 278-5605 - Voice",,,,,
318,,33,,,,"(800) 368-1463 - Toll-free - Abuse Reporting Hotline",,,,,
319,,14310,,,,"(217) 403-0790 - Voice",,,,,
320,,30855,,,,"(217) 403-0790 - Voice",,,,,
321,,14971,,,,"(630) 577-1330 - Hotline",,,,,
322,,14408,,,,"(217) 356-9076 - Voice",,,,,
323,,14409,,,,"(217) 356-9076 - Voice",,,,,
324,,14410,,,,"(217) 356-9076 - Voice",,,,,
325,,4936,,,,"(217) 554-3000 - Voice",,,,,
326,,5121,,,,"(800) 899-4722 - Toll-free",,,,,
327,,5135,,,,"(309) 828-3406 - Voice",,,,,
328,,923,,,,"(217) 735-2985 - Voice - Lisa Bobb",,,,,
329,,5196,,,,"(800) 550-4772 - Voice/TTY",,,,,
330,,936,,,,"(630) 933-4392 - Voice - Main",,,,,
331,,16473,,,,"(630) 933-4392 - Voice - Main",,,,,
332,,5312,,,,"(630) 207-8479 - Voice",,,,,
333,,31231,,,,"(630) 207-8479 - Voice",,,,,
334,,5313,,,,"(217) 782-4977 - Voice - Administrative-Main Number",,,,,
335,,18480,,,,"(800) 252-4343 - Toll-free - Central Complaint Registry Hotline",,,,,
336,,22100,,,,"(217) 782-4977 - Voice - Administrative-Main Number",,,,,
337,,24886,,,,"(888) 522-1282 - Toll-free - Women's Health Line",,,,,
338,,31509,,,,"(800) 889-3931 - Toll-free - COVID-19 Hotline",,,,,
339,,31832,,,,"(800) 889-3931 - Toll-free - COVID-19 Hotline",,,,,
340,,22801,,,,"(217) 782-6554 - Voice",,,,,
341,,22802,,,,"(217) 782-6554 - Voice",,,,,
342,,21865,,,,"(800) 373-1700 - Toll-free - Outside Champaign County",,,,,
343,,70,,,,"(800) 543-1770 - Toll-free",,,,,
344,,10608,,,,"(217) 359-8022 - Voice",,,,,
345,,10609,,,,"(217) 359-8022 - Voice",,,,,
346,,10610,,,,"(217) 359-8022 - Voice",,,,,
347,,10611,,,,"(217) 359-8022 - Voice",,,,,
348,,14265,,,,"(217) 359-8022 - Voice",,,,,
349,,14266,,,,"(217) 359-8022 - Voice",,,,,
350,,18441,,,,"(217) 544-0842 - Voice",,,,,
351,,18461,,,,"(217) 544-0842 - Voice",,,,,
352,,24294,,,,,,,,,
353,,134,,,,"(866) 274-8023 - Toll-free - Central Intake",,,,,
354,,620,,,,"(866) 274-8023 - Toll-free - Central Intake",,,,,
355,,1724,,,,"(866) 274-8023 - Toll-free - Central Intake",,,,,
356,,31280,,,,"(217) 443-2955 - Voice",,,,,
357,,31281,,,,"(217) 443-2955 - Voice",,,,,
358,,31282,,,,"(217) 443-2955 - Voice",,,,,
359,,31283,,,,"(217) 443-2955 - Voice",,,,,
360,,31284,,,,"(217) 443-2955 - Voice",,,,,
361,,13755,,,,"(217) 355-6396 - Voice",,,,,
362,,10791,,,,"(217) 528-3314 - Voice",,,,,
363,,10508,,,,"(217) 585-1180 - Voice",,,,,
364,,14179,,,,"(800) 325-5516 - Toll-free",,,,,
365,,11395,,,,"(217) 637-1343 - Voice",,,,,
366,,11397,,,,"(217) 637-1343 - Voice",,,,,
367,,12264,,,,"(773) 871-2273 - Voice - LGBTQ Violence Resource Line",,,,,
368,,30572,,,,"(773) 871-2273 - Voice - LGBTQ Violence Resource Line",,,,,
369,,11769,,,,"(217) 782-2438 - Voice",,,,,
370,,12280,,,,"(312) 939-8622 - Voice",,,,,
371,,14416,,,,"(217) 278-3366 - Voice",,,,,
372,,14417,,,,"(866) 566-8439 - Toll-free - Illinois AVN",,,,,
373,,21671,,,,"(866) 999-5630 - Toll-free - Identity Theft Hotline",,,,,
374,,12571,,,,"(617) 287-7307 - Voice",,,,,
375,,14656,,,,"(217) 373-8200 - Voice",,,,,
376,,12748,,,,"(217) 875-0833 - Voice",,,,,
377,,13195,,,,"(309) 682-6600 - Voice",,,,,
378,,1975,,,,"(217) 355-4446 - Voice",,,,,
379,,1976,,,,"(217) 355-4446 - Voice",,,,,
380,,1977,,,,"(217) 355-4446 - Voice",,,,,
381,,5407,,,,"(855) 932-0002 - Toll-free",,,,,
382,,5408,,,,"(855) 932-0002 - Toll-free",,,,,
383,,14520,,,,"(217) 328-5112 - Voice",,,,,
384,,14521,,,,"(217) 328-5112 - Voice",,,,,
385,,513,,,,"(211) - Voice",,,,,
386,,468,,,,"(800) 543-1770 - Toll-free",,,,,
387,,587,,,,"(800) 543-1770 - Toll-free",,,,,
388,,314,,,,"(217) 698-3838 - Voice",,,,,
389,,29862,,,,"(217) 698-3838 - Voice",,,,,
390,,1522,,,,"(217) 359-8022 - Voice",,,,,
391,,10606,,,,"(217) 359-8022 - Voice",,,,,
392,,10607,,,,"(217) 359-8022 - Voice",,,,,
393,,128,,,,"(309) 829-2065 - Voice",,,,,
394,,864,,,,"(309) 829-2065 - Voice",,,,,
395,,22493,,,,"(309) 829-2065 - Voice",,,,,
396,,10,,,,"(708) 236-0863 - Voice",,,,,
397,,16412,,,,"(217) 637-2395 - Voice",,,,,
398,,22038,,,,"(217) 637-2395 - Voice",,,,,
399,,22039,,,,"(217) 637-2395 - Voice",,,,,
400,,22040,,,,"(217) 637-2395 - Voice",,,,,
401,,22041,,,,"(217) 637-2395 - Voice",,,,,
402,,19524,,,,"(866) 274-8023 - Toll-free - Central Intake",,,,,
403,,19525,,,,"(866) 274-8023 - Toll-free - Central Intake",,,,,
404,,19526,,,,"(866) 274-8023 - Toll-free - Central Intake",,,,,
405,,9948,,,,"(217) 443-2955 - Voice",,,,,
406,,15864,,,,"(217) 443-2955 - Voice",,,,,
407,,31277,,,,"(217) 443-2955 - Voice",,,,,
408,,31278,,,,"(217) 443-2955 - Voice",,,,,
409,,31279,,,,"(217) 443-2955 - Voice",,,,,
410,,10509,,,,"(217) 585-1180 - Voice",,,,,
411,,31298,,,,"(217) 585-1180 - Voice",,,,,
412,,31299,,,,"(217) 585-1180 - Voice",,,,,
413,,11180,,,,"(800) 822-7972 - Toll-free",,,,,
414,,11316,,,,"(800) 325-5516 - Toll-free",,,,,
415,,11317,,,,"(800) 325-5516 - Toll-free",,,,,
416,,12343,,,,"(847) 294-5877 - Voice",,,,,
417,,29753,,,,"(847) 294-5877 - Voice",,,,,
418,,899,,,,"(309) 820-0230 - Voice",,,,,
419,,15622,,,,,,,,,
420,,22476,,,,"(309) 691-5938 - Voice",,,,,
421,,14413,,,,"(800) 243-0618 - Toll-free - Consumer Fraud Hotline",,,,,
422,,14414,,,,"(800) 228-3368 - Toll-free - Crime Victims Assistance Line",,,,,
423,,14415,,,,"(217) 278-3366 - Voice",,,,,
424,,12751,,,,"(217) 875-0833 - Voice",,,,,
425,,1978,,,,"(217) 355-4446 - Voice",,,,,
426,,17389,,,,"(217) 355-4446 - Voice",,,,,
427,,17418,,,,"(217) 355-4446 - Voice",,,,,
428,,17419,,,,"(217) 355-4446 - Voice",,,,,
429,,14923,,,,"(217) 356-7291 - Voice",,,,,
430,,14928,,,,"(217) 446-9377 - Voice",,,,,
431,,15109,,,,"(217) 366-8130 - Voice - Convenient Care",,,,,
432,,15111,,,,"(217) 366-8130 - Voice - Convenient Care",,,,,
433,,22825,,,,"(217) 366-8130 - Voice - Convenient Care",,,,,
434,,22826,,,,"(217) 366-8130 - Voice",,,,,
435,,13583,,,,"(877) 819-2593 - Toll-free",,,,,
436,,13584,,,,"(877) 819-2593 - Toll-free",,,,,
437,,13585,,,,"(877) 819-2593 - Toll-free",,,,,
438,,13586,,,,"(877) 819-2593 - Toll-free",,,,,
439,,30051,,,,"(877) 819-2593 - Toll-free",,,,,
440,,1466,,,,"(800) 359-2163 - Toll-free",,,,,
441,,31510,,,,"(800) 359-2163 - Toll-free",,,,,
442,,31512,,,,"(800) 359-2163 - Toll-free",,,,,
443,,18675,,,,"(309) 663-8275 - Voice",,,,,
444,,20442,,,,"(309) 663-8275 - Voice",,,,,
445,,20443,,,,"(309) 663-8275 - Voice",,,,,
446,,633,,,,"(309) 365-8021 - Voice",,,,,
447,,14829,,,,"(217) 442-9026 - Voice",,,,,
448,,14830,,,,"(217) 442-9026 - Voice",,,,,
449,,14831,,,,"(217) 442-9026 - Voice",,,,,
450,,14833,,,,"(217) 442-9026 - Voice",,,,,
451,,14834,,,,"(217) 442-9026 - Voice",,,,,
452,,14835,,,,"(217) 442-9026 - Voice",,,,,
453,,20217,,,,"(217) 344-5433 - Voice",,,,,
454,,20218,,,,"(217) 344-5433 - Voice",,,,,
455,,24067,,,,"(217) 344-5433 - Voice",,,,,
456,,14868,,,,"(217) 443-5000 - Voice",,,,,
457,,30729,,,,"(217) 443-5000 - 8401 - Voice",,,,,
458,,19469,,,,"(217) 431-4290 - Voice",,,,,
459,,19471,,,,"(217) 431-4290 - Voice",,,,,
460,,19472,,,,"(217) 431-4080 - Voice",,,,,
461,,21687,,,,"(217) 282-9852 - Voice",,,,,
462,,14688,,,,"(217) 384-3536 - Voice",,,,,
463,,14537,,,,"(217) 344-7297 - Voice",,,,,
464,,14538,,,,"(217) 344-7297 - Voice",,,,,
465,,14539,,,,"(217) 344-7297 - Voice",,,,,
466,,20633,,,,"(217) 344-7297 - Voice",,,,,
467,,30708,,,,"(217) 344-7297 - Voice",,,,,
468,,14645,,,,"(217) 384-3780 - Voice - Juvenile Detention Center",,,,,
469,,14646,,,,"(217) 384-3780 - Voice - Juvenile Detention Center",,,,,
470,,14132,,,,"(217) 384-3784 - Voice",,,,,
471,,14133,,,,"(217) 384-3784 - Voice",,,,,
472,,14458,,,,"(217) 384-3733 - Voice - Main Number",,,,,
473,,14650,,,,"(217) 373-2827 - Voice",,,,,
474,,22814,,,,"(217) 373-2827 - Voice",,,,,
475,,14524,,,,"(217) 352-7961 - Voice",,,,,
476,,14527,,,,"(217) 352-7961 - Voice",,,,,
477,,14528,,,,"(217) 352-7961 - Voice",,,,,
478,,14529,,,,"(217) 352-7961 - Voice",,,,,
479,,14530,,,,"(217) 352-7961 - Voice",,,,,
480,,14531,,,,"(217) 352-7961 - Voice",,,,,
481,,14532,,,,"(217) 352-7961 - Voice",,,,,
482,,14533,,,,"(217) 352-7961 - Voice",,,,,
483,,14565,,,,"(217) 352-7961 - Voice",,,,,
484,,14597,,,,"(217) 531-4432 - Voice - Valerie Kress, Program Coordinator",,,,,
485,,15244,,,,"(217) 352-7961 - Voice",,,,,
486,,15245,,,,"(217) 352-7961 - Voice",,,,,
487,,15651,,,,"(217) 352-7961 - Voice",,,,,
488,,16204,,,,"(217) 352-7961 - Voice",,,,,
489,,22409,,,,"(217) 352-7961 - Voice",,,,,
490,,24865,,,,"(217) 352-7961 - Voice",,,,,
491,,24866,,,,"(217) 352-7961 - Voice",,,,,
492,,30735,,,,"(217) 352-7961 - Voice",,,,,
493,,21389,,,,"(217) 893-0832 - Voice",,,,,
494,,14522,,,,"(217) 239-1152 - Voice",,,,,
495,,14018,,,,"(217) 402-5683 - Voice - Appointment Line",,,,,
496,,14020,,,,"(217) 402-5683 - Voice - Appointment Line",,,,,
497,,31475,,,,"(217) 402-5683 - Voice - Appointment Line",,,,,
498,,14166,,,,"(217) 403-8700 - Voice",,,,,
499,,14140,,,,"(217) 403-6120 - Voice",,,,,
500,,30631,,,,"(217) 403-6120 - Voice",,,,,
501,,14089,,,,"(217) 244-9494 - Voice",,,,,
502,,14207,,,,"(217) 344-8455 - Voice",,,,,
503,,14257,,,,"(217) 344-8455 - Voice",,,,,
504,,16297,,,,"(217) 344-8455 - Voice",,,,,
505,,14611,,,,"(217) 333-3704 - Voice - Counseling Center",,,,,
506,,30966,,,,"(217) 333-3704 - Voice - Counseling Center",,,,,
507,,14142,,,,"(217) 384-3616 - Voice",,,,,
508,,14143,,,,"(217) 384-3616 - Voice",,,,,
509,,14144,,,,"(217) 384-3616 - Voice",,,,,
510,,14614,,,,"(217) 355-1750 - Voice",,,,,
511,,14619,,,,"(217) 355-1750 - Voice",,,,,
512,,1614,,,,"(309) 663-8275 - Voice",,,,,
513,,18659,,,,"(309) 663-8275 - Voice",,,,,
514,,18662,,,,"(309) 663-8275 - Voice",,,,,
515,,18663,,,,"(309) 663-8275 - Voice",,,,,
516,,18665,,,,"(309) 663-8275 - Voice",,,,,
517,,18673,,,,"(309) 663-8275 - Voice",,,,,
518,,18674,,,,"(309) 663-8275 - Voice",,,,,
519,,14836,,,,"(217) 442-9026 - Voice",,,,,
520,,22989,,,,"(217) 442-9026 - Voice",,,,,
521,,14581,,,,"(217) 344-5433 - Voice",,,,,
522,,14610,,,,"(217) 344-5433 - Voice",,,,,
523,,20212,,,,"(217) 344-5433 - Voice",,,,,
524,,20213,,,,"(217) 344-5433 - Voice",,,,,
525,,20214,,,,"(217) 344-5433 - Voice",,,,,
526,,20215,,,,"(217) 344-5433 - Voice",,,,,
527,,14807,,,,"(217) 552-3331 - Voice - Sally Denhart - Ramp Info",,,,,
528,,14808,,,,,,,,,
529,,14464,,,,"(217) 418-5888 - Voice - Appointments Only",,,,,
530,,14465,,,,"(217) 418-5888 - Voice - Appointments Only",,,,,
531,,19326,,,,,,,,,
532,,14644,,,,,,,,,
533,,14566,,,,"(217) 359-6261 - Voice",,,,,
534,,14481,,,,"(217) 384-3826 - Voice",,,,,
535,,30771,,,,"(217) 384-3826 - Voice",,,,,
536,,14460,,,,"(217) 384-8625 - Voice - Victim Services",,,,,
537,,14461,,,,"(217) 384-8625 - Voice - Victim Services",,,,,
538,,21948,,,,"(217) 384-3733 - Voice - Main Number",,,,,
539,,15365,,,,"(217) 359-5333 - Voice",,,,,
540,,15366,,,,"(217) 359-5333 - Voice",,,,,
541,,20724,,,,"(217) 359-5333 - Voice",,,,,
542,,14061,,,,"(217) 352-9433 - Voice",,,,,
543,,14065,,,,"(217) 352-9433 - Voice",,,,,
544,,14066,,,,"(217) 352-9433 - Voice",,,,,
545,,14534,,,,"(217) 352-7961 - Voice",,,,,
546,,14541,,,,"(217) 352-7961 - Voice",,,,,
547,,14543,,,,"(217) 352-7961 - Voice",,,,,
548,,14547,,,,"(217) 352-7961 - Voice",,,,,
549,,14551,,,,"(217) 352-7961 - Voice",,,,,
550,,14555,,,,"(217) 352-7961 - Voice",,,,,
551,,14559,,,,"(217) 352-7961 - Voice",,,,,
552,,14561,,,,"(217) 352-7961 - Voice",,,,,
553,,14562,,,,"(217) 352-7961 - Voice",,,,,
554,,14563,,,,"(217) 352-7961 - Voice",,,,,
555,,14564,,,,"(217) 352-7961 - Voice",,,,,
556,,30760,,,,"(217) 531-4342 - Voice - Program Coordinator",,,,,
557,,30761,,,,"(217) 531-4342 - Voice - Program Coordinator",,,,,
558,,30762,,,,"(217) 531-4342 - Voice - Program Coordinator",,,,,
559,,14542,,,,"(217) 893-0832 - Voice",,,,,
560,,14544,,,,"(217) 893-0832 - Voice",,,,,
561,,14548,,,,"(217) 893-0832 - Voice",,,,,
562,,14552,,,,"(217) 893-0832 - Voice",,,,,
563,,14556,,,,"(217) 893-0832 - Voice",,,,,
564,,16205,,,,"(217) 893-0832 - Voice",,,,,
565,,21387,,,,"(217) 893-0832 - Voice",,,,,
566,,21388,,,,"(217) 893-0832 - Voice",,,,,
567,,25088,,,,"(217) 244-9494 - Voice",,,,,
568,,14200,,,,"(217) 344-8455 - Voice",,,,,
569,,14201,,,,"(217) 344-8455 - Voice",,,,,
570,,14202,,,,"(217) 344-8455 - Voice",,,,,
571,,14203,,,,"(217) 344-8455 - Voice",,,,,
572,,14204,,,,"(217) 344-8455 - Voice",,,,,
573,,14205,,,,"(217) 344-8455 - Voice",,,,,
574,,14206,,,,"(217) 344-8455 - Voice",,,,,
575,,14145,,,,"(217) 384-3616 - Voice",,,,,
576,,20541,,,,"(217) 384-3616 - Voice",,,,,
577,,20615,,,,"(217) 384-3616 - Voice",,,,,
578,,14467,,,,"(217) 356-7687 - Voice",,,,,
579,,21074,,,,"(217) 356-7687 - Voice",,,,,
580,,21075,,,,"(217) 356-7687 - Voice",,,,,
581,,21076,,,,"(217) 356-7687 - Voice",,,,,
582,,31621,,,,"(217) 356-7687 - Voice",,,,,
583,,14450,,,,"(217) 351-2221 - Voice",,,,,
584,,14654,,,,"(810) 328-3272 - Voice - Amanda Bryan",,,,,
585,,14655,,,,"(810) 328-3272 - Voice - Amanda Bryan",,,,,
586,,22984,,,,"(810) 328-3272 - Voice - Amanda Bryan",,,,,
587,,14096,,,,"(217) 356-9176 - Voice",,,,,
588,,14097,,,,"(217) 356-9176 - Voice",,,,,
589,,14098,,,,"(217) 356-9176 - Voice",,,,,
590,,14128,,,,"(217) 356-9176 - Voice",,,,,
591,,14130,,,,"(217) 356-9176 - Voice",,,,,
592,,19329,,,,"(217) 356-9176 - Voice",,,,,
593,,19473,,,,"(217) 356-9176 - Voice",,,,,
594,,14600,,,,"(217) 337-2778 - Voice",,,,,
595,,14601,,,,"(217) 337-2778 - Voice",,,,,
596,,21274,,,,"(217) 337-2778 - Voice",,,,,
597,,21288,,,,"(217) 328-3301 - Voice",,,,,
598,,14420,,,,"(217) 356-6232 - Voice - Thurs, 10am-12pm",,,,,
599,,14138,,,,"(217) 351-2437 - Voice - Main Office",,,,,
600,,14247,,,,,,,,,
601,,14658,,,,"(217) 398-2580 - Voice",,,,,
602,,20523,,,,"(217) 398-2580 - Voice",,,,,
603,,14689,,,,"(217) 344-7233 - Voice",,,,,
604,,22933,,,,"(217) 359-6636 - Voice",,,,,
605,,14628,,,,"(217) 351-1853 - Voice",,,,,
606,,14629,,,,"(217) 351-1853 - Voice",,,,,
607,,14627,,,,"(217) 369-4958 - Voice - Minnie Pearson",,,,,
608,,14445,,,,"(217) 352-5118 - Voice",,,,,
609,,21344,,,,"(217) 352-5118 - Voice",,,,,
610,,24173,,,,"(217) 352-5118 - Voice",,,,,
611,,14549,,,,"(217) 351-2580 - Voice",,,,,
612,,14550,,,,"(217) 351-2580 - Voice",,,,,
613,,14641,,,,"(217) 355-2662 - Voice",,,,,
614,,14642,,,,"(217) 355-2662 - Voice",,,,,
615,,14422,,,,"(217) 353-4932 - Voice - Buckle-up line",,,,,
616,,14423,,,,"(217) 353-4932 - Voice - Buckle-up line",,,,,
617,,14424,,,,"(217) 353-4932 - Voice - Buckle-up line",,,,,
618,,14667,,,,"(217) 355-5654 - Voice",,,,,
619,,14668,,,,"(217) 355-5654 - Voice",,,,,
620,,14669,,,,"(217) 355-5654 - Voice",,,,,
621,,14670,,,,"(217) 355-5654 - Voice",,,,,
622,,14672,,,,"(217) 355-5654 - Voice",,,,,
623,,14427,,,,"(217) 352-5151 - Voice",,,,,
624,,14809,,,,"(217) 333-7672 - Voice",,,,,
625,,14811,,,,"(217) 333-7672 - Voice",,,,,
626,,23979,,,,"(217) 333-7672 - Voice",,,,,
627,,14813,,,,"(217) 353-0740 - Voice",,,,,
628,,14814,,,,"(217) 353-0740 - Voice",,,,,
629,,14770,,,,"(217) 384-3530 - Voice",,,,,
630,,14771,,,,"(217) 384-3530 - Voice",,,,,
631,,14815,,,,"(708) 782-4608 - Voice",,,,,
632,,14816,,,,"(708) 782-4608 - Voice",,,,,
633,,14032,,,,"(217) 383-3311 - Voice",,,,,
634,,14033,,,,"(217) 383-3311 - Voice",,,,,
635,,14034,,,,"(217) 383-3311 - Voice",,,,,
636,,14035,,,,"(217) 383-3311 - Voice",,,,,
637,,14037,,,,"(217) 383-3311 - Voice",,,,,
638,,19100,,,,"(217) 383-3311 - Voice",,,,,
639,,21280,,,,"(217) 383-3311 - Voice",,,,,
640,,21281,,,,"(217) 383-3311 - Voice",,,,,
641,,21282,,,,"(217) 383-3311 - Voice",,,,,
642,,21283,,,,"(217) 383-3311 - Voice",,,,,
643,,22729,,,,"(217) 893-7700 - Voice",,,,,
644,,22730,,,,"(217) 893-7700 - Voice",,,,,
645,,14043,,,,"(217) 383-4375 - Voice",,,,,
646,,14044,,,,"(217) 352-5179 - Voice",,,,,
647,,14045,,,,"(217) 352-5179 - Voice",,,,,
648,,14046,,,,"(800) 200-6804 - Toll-free - Runaway Crisis Hotline",,,,,
649,,14047,,,,"(800) 200-6804 - Toll-free - Runaway Crisis Hotline",,,,,
650,,14048,,,,"(217) 352-5179 - Voice",,,,,
651,,14705,,,,"(217) 352-5179 - Voice",,,,,
652,,14706,,,,"(217) 352-5179 - Voice",,,,,
653,,14159,,,,"(855) 462-0100 - Toll-free",,,,,
654,,30698,,,,"(855) 462-0100 - Toll-free",,,,,
655,,30699,,,,"(855) 462-0100 - Toll-free",,,,,
656,,31996,,,,"(855) 462-0100 - Toll-free",,,,,
657,,14134,,,,"(217) 819-3556 - Voice",,,,,
658,,14135,,,,"(217) 819-3556 - Voice",,,,,
659,,14136,,,,"(217) 819-3556 - Voice",,,,,
660,,14146,,,,"(217) 328-3313 - Voice - Main Line",,,,,
661,,14479,,,,"(217) 278-3344 - Voice",,,,,
662,,21355,,,,,,,,,
663,,14480,,,,"(217) 892-8773 - Voice",,,,,
664,,14659,,,,"(217) 359-1791 - Voice",,,,,
665,,14660,,,,"(217) 359-1791 - Voice",,,,,
666,,24247,,,,"(217) 359-1791 - Voice",,,,,
667,,14472,,,,"(217) 352-9827 - Voice",,,,,
668,,14598,,,,"(217) 337-2778 - Voice",,,,,
669,,14599,,,,"(217) 337-2778 - Voice",,,,,
670,,21313,,,,"(217) 398-2580 - Voice",,,,,
671,,15202,,,,"(217) 352-8748 - Voice - By appointment",,,,,
672,,14690,,,,"(217) 344-1292 - Voice - Homestead Apartments",,,,,
673,,14773,,,,"(217) 328-0132 - Voice - Crystal View",,,,,
674,,14637,,,,,,,,,
675,,14158,,,,"(217) 351-4545 - Voice",,,,,
676,,15652,,,,"(217) 351-4545 - Voice",,,,,
677,,15152,,,,"(815) 347-3064 - Voice - Holly",,,,,
678,,17670,,,,"(815) 347-3064 - Voice - Holly",,,,,
679,,14553,,,,"(217) 351-2580 - Voice",,,,,
680,,14554,,,,"(217) 351-2580 - Voice",,,,,
681,,15163,,,,,,,,,
682,,15164,,,,,,,,,
683,,22167,,,,"(217) 351-2200 - Voice - College Switchboard",,,,,
684,,14682,,,,"(217) 333-0041 - Voice",,,,,
685,,21352,,,,"(217) 333-0041 - Voice",,,,,
686,,14803,,,,"(217) 351-9144 - Voice",,,,,
687,,22352,,,,"(217) 351-9144 - Voice",,,,,
688,,14640,,,,"(217) 355-2662 - Voice",,,,,
689,,14676,,,,"(217) 355-5654 - Voice",,,,,
690,,14678,,,,"(217) 355-5654 - Voice",,,,,
691,,21275,,,,"(217) 355-5654 - Voice",,,,,
692,,22987,,,,"(217) 355-5654 - Voice",,,,,
693,,14680,,,,"(217) 367-2665 - Voice - M-Th, 4:30-5:00pm",,,,,
694,,15150,,,,"(217) 328-6170 - Voice",,,,,
695,,21292,,,,"(217) 328-6170 - Voice",,,,,
696,,14805,,,,"(217) 333-1889 - Voice",,,,,
697,,14523,,,,"(217) 367-1544 - Voice",,,,,
698,,22764,,,,"(217) 367-1544 - Voice",,,,,
699,,29837,,,,"(708) 782-4608 - Voice",,,,,
700,,14457,,,,"(217) 384-2456 - Voice - Mayor's Office",,,,,
701,,14635,,,,"(217) 367-4057 - Voice - Main Number",,,,,
702,,24098,,,,"(217) 367-4057 - Voice - Main Number",,,,,
703,,14463,,,,"(217) 384-2320 - Voice",,,,,
704,,14609,,,,"(217) 384-3600 - Voice",,,,,
705,,14023,,,,"(217) 383-3311 - Voice",,,,,
706,,14027,,,,"(217) 383-3311 - Voice",,,,,
707,,14029,,,,"(217) 383-3311 - Voice",,,,,
708,,30937,,,,,,,,,
709,,14024,,,,"(217) 365-6200 - Voice",,,,,
710,,21329,,,,"(217) 365-6200 - Voice",,,,,
711,,14025,,,,"(217) 255-9500 - Voice",,,,,
712,,21330,,,,"(217) 255-9500 - Voice",,,,,
713,,21331,,,,"(217) 255-9500 - Voice",,,,,
714,,14039,,,,"(217) 383-3487 - Voice",,,,,
715,,14040,,,,,,,,,
716,,14041,,,,"(217) 383-3488 - Voice",,,,,
717,,22727,,,,"(217) 586-8400 - Voice",,,,,
718,,22728,,,,"(217) 586-8400 - Voice",,,,,
719,,14707,,,,"(217) 352-5179 - Voice",,,,,
720,,14049,,,,"(217) 384-9065 - Voice",,,,,
721,,14050,,,,"(217) 384-9065 - Voice",,,,,
722,,14051,,,,"(217) 352-6533 - Voice",,,,,
723,,14062,,,,"(217) 352-6533 - Voice",,,,,
724,,14064,,,,"(217) 352-6533 - Voice",,,,,
725,,21390,,,,"(217) 352-6533 - Voice",,,,,
726,,23885,,,,"(217) 352-6533 - Voice",,,,,
727,,24594,,,,"(217) 373-4200 - Voice - 24/7",,,,,
728,,14150,,,,"(217) 328-3313 - Voice - Main Line",,,,,
729,,14151,,,,"(217) 384-1226 - Voice - LIHEAP",,,,,
730,,14153,,,,"(217) 328-3313 - Voice - Main Line",,,,,
731,,14154,,,,"(217) 328-3313 - Voice - Main Line",,,,,
732,,14155,,,,"(217) 328-3313 - Voice - Main Line",,,,,
733,,14156,,,,"(217) 328-3313 - Voice - Main Line",,,,,
734,,14157,,,,"(217) 328-3313 - Voice - Main Line",,,,,
735,,14163,,,,"(217) 328-3313 - Voice - Main Line",,,,,
736,,14164,,,,"(217) 328-3313 - Voice - Main Line",,,,,
737,,14215,,,,"(877) 548-4205 - Voice - COVID Rent Funds",,,,,
738,,22060,,,,"(217) 328-3313 - Voice - Main Line",,,,,
739,,22089,,,,"(217) 328-3313 - Voice - Main Line",,,,,
740,,22585,,,,"(217) 819-4117 - Voice",,,,,
741,,31019,,,,"(217) 384-1226 - Voice - LIHEAP",,,,,
742,,31622,,,,"(877) 548-4205 - Voice - COVID Rent Funds",,,,,
743,,31655,,,,"(217) 384-1226 - Voice - LIHEAP",,,,,
744,,21236,,,,"(217) 819-4569 - Voice",,,,,
745,,14199,,,,"(217) 384-4144 - Voice",,,,,
746,,30602,,,,"(217) 384-4144 - Voice",,,,,
747,,14208,,,,"(217) 893-1530 - Voice",,,,,
748,,22474,,,,"(217) 893-1530 - Voice",,,,,
749,,14214,,,,"(217) 607-0546 - Voice",,,,,
750,,31476,,,,"(217) 239-4220 - Voice",,,,,
751,,31477,,,,"(217) 239-4220 - Voice",,,,,
752,,31478,,,,"(217) 239-4220 - Voice",,,,,
753,,14287,,,,"(217) 359-9622 - Voice",,,,,
754,,14289,,,,"(217) 359-9622 - Voice",,,,,
755,,14290,,,,"(217) 359-9622 - Voice",,,,,
756,,14291,,,,"(217) 359-9622 - Voice",,,,,
757,,14292,,,,"(217) 344-1120 - Voice - Thurs, 5-7pm.",,,,,
758,,20036,,,,"(217) 344-1120 - Voice - Wed, 11-1pm; 1st & 3rd Sat, 10-12:00pm",,,,,
759,,31801,,,,"(217) 403-5402 - Voice - COVID-19 Care Line",,,,,
760,,14299,,,,"(217) 403-5477 - Voice",,,,,
761,,14300,,,,"(217) 359-7404 - Voice - Mobile Clinic",,,,,
762,,14301,,,,"(217) 359-7404 - Voice - Mobile Clinic",,,,,
763,,22794,,,,"(217) 693-4660 - Voice",,,,,
764,,22795,,,,"(217) 693-4660 - Voice",,,,,
765,,14636,,,,"(217) 384-3076 - Voice",,,,,
766,,14307,,,,"(217) 344-5455 - Voice",,,,,
767,,18685,,,,"(217) 344-5455 - Voice",,,,,
768,,14311,,,,"(217) 355-5437 - Voice",,,,,
769,,22988,,,,"(217) 337-2731 - Voice - Administration",,,,,
770,,1506,,,,"(309) 663-0361 - Voice",,,,,
771,,14335,,,,"(217) 359-0507 - Voice",,,,,
772,,14337,,,,"(217) 359-0507 - Voice",,,,,
773,,14338,,,,"(217) 359-0507 - Voice",,,,,
774,,19615,,,,"(217) 359-0507 - Voice",,,,,
775,,31109,,,,"(217) 819-5113 - Voice - To register for classes or make an appointment",,,,,
776,,14349,,,,"(217) 356-1925 - Voice",,,,,
777,,14351,,,,"(217) 356-1925 - Voice",,,,,
778,,14352,,,,"(217) 356-1925 - Voice",,,,,
779,,15866,,,,"(217) 373-7832 - Voice - Salvation Army",,,,,
780,,19277,,,,"(217) 373-7832 - Voice",,,,,
781,,19289,,,,"(217) 373-7832 - Voice",,,,,
782,,22423,,,,"(217) 373-7832 - Voice",,,,,
783,,22986,,,,"(217) 369-9344 - Voice - Canteen Run",,,,,
784,,23304,,,,"(217) 278-9897 - Voice",,,,,
785,,25049,,,,"(217) 373-7832 - Voice",,,,,
786,,29718,,,,"(217) 373-7832 - Voice",,,,,
787,,31880,,,,"(217) 369-9344 - Voice - Canteen Run",,,,,
788,,14384,,,,"(217) 244-1395 - Voice",,,,,
789,,14487,,,,"(217) 384-1204 - Voice - General Inquiries",,,,,
790,,16281,,,,"(217) 384-1240 - Voice - Downtown Jail",,,,,
791,,16291,,,,"(217) 384-1243 - Voice - Satellite Jail-Urbana",,,,,
792,,14516,,,,"(217) 384-2447 - Voice",,,,,
793,,14517,,,,"(217) 384-2447 - Voice",,,,,
794,,14518,,,,"(217) 384-2447 - Voice",,,,,
795,,14540,,,,"(217) 384-2447 - Voice",,,,,
796,,31891,,,,"(217) 384-2447 - Voice",,,,,
797,,31892,,,,"(217) 384-2447 - Voice",,,,,
798,,14587,,,,"(217) 892-6800 - Voice",,,,,
799,,14588,,,,"(217) 586-4456 - Voice",,,,,
800,,14590,,,,"(217) 384-3776 - Voice",,,,,
801,,14591,,,,"(217) 333-8911 - Voice - Dispatch, Non-Emergency",,,,,
802,,14592,,,,"(217) 333-8911 - Voice - METCAD",,,,,
803,,14593,,,,"(217) 586-5533 - Voice - Records/Administration",,,,,
804,,14626,,,,"(217) 239-0142 - Voice",,,,,
805,,15137,,,,"(217) 239-0142 - Voice",,,,,
806,,15139,,,,"(217) 239-0142 - Voice",,,,,
807,,31920,,,,"(217) 328-3313 - Voice - Main Line",,,,,
808,,14165,,,,"(217) 531-8282 - Voice",,,,,
809,,14217,,,,"(217) 239-5933 - Voice",,,,,
810,,14160,,,,"(217) 403-2070 - Voice",,,,,
811,,14161,,,,"(217) 403-2090 - Voice",,,,,
812,,15113,,,,"(217) 359-7937 - Voice",,,,,
813,,14196,,,,"(217) 819-4569 - Voice",,,,,
814,,20056,,,,"(217) 819-4569 - Voice",,,,,
815,,20057,,,,"(217) 819-4569 - Voice",,,,,
816,,20659,,,,"(217) 819-4569 - Voice",,,,,
817,,23900,,,,"(217) 607-0546 - Voice",,,,,
818,,23901,,,,"(217) 607-0546 - Voice",,,,,
819,,14258,,,,"(217) 819-1976 - Voice",,,,,
820,,14262,,,,"(217) 586-6323 - Voice",,,,,
821,,14279,,,,"(217) 892-8777 - Voice",,,,,
822,,14282,,,,"(217) 892-8777 - Voice",,,,,
823,,14283,,,,"(217) 239-4220 - Voice",,,,,
824,,14284,,,,"(217) 239-4220 - Voice",,,,,
825,,14285,,,,"(217) 239-4220 - Voice",,,,,
826,,14286,,,,"(217) 239-4220 - Voice",,,,,
827,,14293,,,,"(217) 356-1558 - Voice",,,,,
828,,14294,,,,"(217) 356-1558 - Voice",,,,,
829,,14295,,,,"(217) 356-1558 - Voice",,,,,
830,,14296,,,,"(217) 356-1558 - Voice",,,,,
831,,14297,,,,"(217) 356-1558 - Voice",,,,,
832,,14298,,,,"(217) 356-1558 - Voice",,,,,
833,,20728,,,,"(217) 356-1558 - Voice",,,,,
834,,22796,,,,"(217) 356-1558 - Voice",,,,,
835,,31800,,,,"(217) 403-5402 - Voice - COVID-19 Care Line",,,,,
836,,14312,,,,"(217) 782-3397 - Voice",,,,,
837,,14327,,,,"(217) 337-2730 - Voice - Crisis Line",,,,,
838,,14328,,,,"(217) 337-2730 - Voice - Crisis Line",,,,,
839,,14329,,,,"(217) 337-2730 - Voice - Crisis Line",,,,,
840,,14330,,,,"(217) 337-2730 - Voice - Crisis Line",,,,,
841,,20561,,,,"(217) 337-2730 - Voice - Crisis Line",,,,,
842,,20619,,,,"(217) 337-2730 - Voice - Crisis Line",,,,,
843,,14353,,,,"(217) 356-1925 - Voice",,,,,
844,,14364,,,,"(217) 373-7832 - Voice",,,,,
845,,14365,,,,"(217) 373-7832 - Voice",,,,,
846,,14367,,,,"(217) 373-7832 - Voice",,,,,
847,,14368,,,,"(217) 373-7832 - Voice",,,,,
848,,14370,,,,"(217) 278-9897 - Voice",,,,,
849,,14371,,,,"(217) 278-9897 - Voice",,,,,
850,,14372,,,,"(217) 278-9897 - Voice",,,,,
851,,14373,,,,"(217) 373-7832 - Voice",,,,,
852,,14375,,,,"(217) 373-7832 - Voice",,,,,
853,,14385,,,,"(217) 244-1395 - Voice",,,,,
854,,14386,,,,"(217) 352-6220 - Voice",,,,,
855,,14421,,,,,,,,,
856,,14451,,,,,,,,,
857,,14452,,,,,,,,,
858,,14439,,,,"(217) 621-1090 - Voice",,,,,
859,,14440,,,,"(217) 621-1090 - Voice",,,,,
860,,14441,,,,"(217) 621-1090 - Voice",,,,,
861,,14462,,,,"(217) 384-2455 - Voice",,,,,
862,,14573,,,,,,,,,
863,,14574,,,,,,,,,
864,,14578,,,,,,,,,
865,,21699,,,,,,,,,
866,,14580,,,,"(217) 337-2000 - Voice",,,,,
867,,14583,,,,"(217) 337-2000 - Voice",,,,,
868,,14586,,,,"(217) 337-2000 - Voice",,,,,
869,,20065,,,,"(217) 337-2130 - Voice - Behavioral Health Unit",,,,,
870,,20066,,,,"(217) 337-2130 - Voice - Behavioral Health Unit",,,,,
871,,31890,,,,"(217) 337-2000 - Voice",,,,,
872,,15140,,,,"(217) 239-0142 - Voice",,,,,
873,,15141,,,,"(217) 239-0142 - Voice",,,,,
874,,15143,,,,"(217) 239-0142 - Voice",,,,,
875,,15841,,,,"(217) 239-0142 - Voice",,,,,
876,,14681,,,,"(217) 893-9350 - Voice",,,,,
877,,14687,,,,"(217) 586-5757 - Voice",,,,,
878,,31558,,,,"(217) 903-5900 - Voice",,,,,
879,,14782,,,,"(217) 384-3760 - Voice",,,,,
880,,14784,,,,"(217) 403-8830 - Voice",,,,,
881,,14785,,,,"(217) 403-7070 - Voice",,,,,
882,,14787,,,,"(217) 403-7070 - Voice",,,,,
883,,14788,,,,"(217) 403-7070 - Voice",,,,,
884,,1517,,,,"(217) 786-6857 - Voice - Intake - Questions Only - 24/7",,,,,
885,,14950,,,,"(217) 351-3881 - Voice",,,,,
886,,14964,,,,"(888) 444-2359 - Toll-free",,,,,
887,,15153,,,,"(217) 351-3841 - Voice",,,,,
888,,15334,,,,"(217) 384-3505 - Voice",,,,,
889,,15336,,,,"(217) 384-3505 - Voice",,,,,
890,,15867,,,,"(217) 356-5164 - Voice",,,,,
891,,15868,,,,"(217) 356-5164 - Voice",,,,,
892,,15869,,,,"(217) 356-5164 - Voice",,,,,
893,,24476,,,,"(217) 417-5897 - Voice - La Linea Immigrant Helpline",,,,,
894,,31703,,,,"(217) 417-5897 - Voice - La Linea Immigrant Helpline",,,,,
895,,31704,,,,"(217) 417-5897 - Voice - La Linea Immigrant Helpline",,,,,
896,,1581,,,,"(217) 693-4580 - Voice - Intake/Admission",,,,,
897,,10228,,,,"(217) 693-4580 - Voice - Intake/Admission",,,,,
898,,22810,,,,"(217) 693-4580 - Voice - Intake/Admission",,,,,
899,,31140,,,,"(844) 711-5106 - Voice - Intake/New Clients",,,,,
900,,31141,,,,"(844) 711-5106 - Voice - Intake/New Clients",,,,,
901,,31158,,,,"(844) 711-5106 - Voice - Intake/New Clients",,,,,
902,,17386,,,,"(217) 893-4673 - Voice",,,,,
903,,17387,,,,"(217) 893-4673 - Voice",,,,,
904,,22107,,,,"(217) 893-4673 - Voice",,,,,
905,,22108,,,,"(217) 893-4673 - Voice",,,,,
906,,22109,,,,"(217) 893-4673 - Voice",,,,,
907,,18410,,,,"(217) 384-3753 - Voice",,,,,
908,,18411,,,,"(217) 384-3753 - Voice",,,,,
909,,31236,,,,"(217) 532-2001 - Voice",,,,,
910,,19065,,,,"(217) 431-4200 - Voice",,,,,
911,,19077,,,,"(217) 344-6400 - Voice",,,,,
912,,19128,,,,"(217) 268-3022 - Voice",,,,,
913,,19130,,,,"(217) 352-5707 - Voice",,,,,
914,,19140,,,,"(217) 837-2421 - Voice",,,,,
915,,19144,,,,"(217) 253-4791 - Voice",,,,,
916,,19239,,,,"(815) 429-3134 - Voice",,,,,
917,,19160,,,,"(217) 268-3051 - Voice",,,,,
918,,31260,,,,"(217) 355-4446 - Voice",,,,,
919,,11363,,,,"(217) 480-6291 - Voice - Coordinator",,,,,
920,,19788,,,,"(815) 269-2970 - Voice",,,,,
921,,19789,,,,"(815) 269-2970 - Voice",,,,,
922,,19790,,,,"(815) 269-2970 - Voice",,,,,
923,,21739,,,,"(815) 269-2970 - Voice",,,,,
924,,20360,,,,"(309) 682-1113 - Voice",,,,,
925,,20361,,,,"(309) 682-1113 - Voice",,,,,
926,,20362,,,,"(309) 682-1113 - Voice",,,,,
927,,20796,,,,"(217) 384-3725 - Voice",,,,,
928,,1745,,,,"(217) 384-3360 - Voice",,,,,
929,,11161,,,,"(877) 626-7911 - Toll-free",,,,,
930,,23147,,,,"(217) 384-3360 - Voice",,,,,
931,,15154,,,,"(217) 384-1266 - Voice",,,,,
932,,15155,,,,"(217) 384-1266 - Voice",,,,,
933,,15156,,,,"(217) 384-1266 - Voice",,,,,
934,,15157,,,,"(217) 398-2550 - Voice",,,,,
935,,15166,,,,"(217) 384-3616 - Voice",,,,,
936,,15194,,,,"(217) 356-9078 - 14 - Voice - Austin's Place",,,,,
937,,15223,,,,"(217) 356-9078 - 14 - Voice",,,,,
938,,15186,,,,"(309) 365-8021 - Voice - Timber Pointe",,,,,
939,,15340,,,,"(217) 351-2120 - Voice",,,,,
940,,1544,,,,"(618) 731-1600 - Voice",,,,,
941,,16221,,,,"(217) 253-4137 - Voice",,,,,
942,,23528,,,,"(217) 253-4137 - Voice",,,,,
943,,23529,,,,"(217) 253-4137 - Voice",,,,,
944,,16206,,,,,,,,,
945,,1565,,,,"(800) 841-6167 - Toll-free",,,,,
946,,16456,,,,"(217) 417-5897 - Voice - La Linea Immigrant Helpline",,,,,
947,,16458,,,,"(217) 417-5897 - Voice - La Linea Immigrant Helpline",,,,,
948,,31132,,,,"(217) 693-4580 - Voice - Intake/Admission",,,,,
949,,31156,,,,"(217) 398-8080 - Voice - Mental Health Line",,,,,
950,,31131,,,,"(217) 398-8080 - Voice - Mental Health Line",,,,,
951,,31134,,,,"(217) 693-4580 - Voice - Substance Abuse Line/Intake",,,,,
952,,31137,,,,"(217) 398-8080 - Voice - Mental Health Line",,,,,
953,,31138,,,,"(217) 693-4580 - Voice - Substance Abuse Line/Intake",,,,,
954,,31157,,,,"(217) 398-8080 - Voice - Mental Health Line",,,,,
955,,31139,,,,"(844) 711-5106 - Voice - Intake/New Clients",,,,,
956,,18414,,,,"(217) 384-3714 - Voice",,,,,
957,,18420,,,,"(217) 377-9762 - Voice",,,,,
958,,18431,,,,"(217) 586-3392 - Voice - Contact First - Ann Paul, President",,,,,
959,,18432,,,,"(217) 586-3392 - Voice - Contact First - Ann Paul, President",,,,,
960,,18467,,,,"(800) 464-6010 - Toll-free - Application Questions",,,,,
961,,137,,,,,,,,,
962,,16190,,,,,,,,,
963,,19233,,,,"(217) 348-3869 - Voice",,,,,
964,,19427,,,,"(877) 726-6494 - Toll-free",,,,,
965,,19452,,,,"(217) 893-3052 - Voice",,,,,
966,,23886,,,,"(217) 893-3052 - Voice",,,,,
967,,19506,,,,"(217) 355-4120 - Voice - Main",,,,,
968,,19508,,,,"(217) 355-4120 - Voice - Main",,,,,
969,,19509,,,,"(217) 355-4120 - Voice - Main",,,,,
970,,19632,,,,"(855) 207-8347 - Toll-free - Tenants in Foreclosure Help Line",,,,,
971,,20363,,,,"(309) 676-5541 - Voice - General Wayne A. Downing Home for Veterans",,,,,
972,,13,,,,,,,,,
973,,20077,,,,"(217) 333-7300 - Voice",,,,,
974,,20081,,,,"(217) 333-7300 - Voice",,,,,
975,,20111,,,,"(855) 846-8376 - Voice",,,,,
976,,31867,,,,"(855) 846-8376 - Voice",,,,,
977,,506,,,,"(217) 333-6528 - Voice",,,,,
978,,24520,,,,"(800) 419-0542 - Toll-free",,,,,
979,,23148,,,,"(217) 384-3360 - Voice",,,,,
980,,1710,,,,"(309) 999-4257 - Voice",,,,,
981,,13919,,,,"(217) 278-3388 - Voice - VSO: Vacant",,,,,
982,,21673,,,,"(217) 834-3349 - Voice",,,,,
983,,21695,,,,"(217) 328-3663 - Voice",,,,,
984,,21696,,,,"(217) 328-3663 - Voice",,,,,
985,,21697,,,,"(217) 328-3663 - Voice",,,,,
986,,,3,,,"(800) 227-2345 - National Toll-free - 24-Hour",,,,,
987,,,5,,,"(309) 829-2065 - Voice",,,,,
988,,,7,,,"(309) 663-8275 - Voice",,,,,
989,,,21,,,"(800) 244-5631 - Toll-free",,,,,
990,,,26,,,"(800) 537-2632 - Toll-free",,,,,
991,,,36,,,"(626) 960-3500 - Voice - Administrative",,,,,
992,,,40,,,"(309) 662-5384 - Voice",,,,,
993,,,49,,,"(217) 698-3838 - Voice",,,,,
994,,,51,,,"(312) 793-5900 - Voice",,,,,
995,,,60,,,"(309) 820-0230 - Voice",,,,,
996,,,74,,,"(800) 307-6600 - Toll-free - Southern Illinois Area 21",,,,,
997,,,88,,,"(217) 522-7985 - Voice",,,,,
998,,,92,,,"(217) 524-4745 - Voice",,,,,
999,,,98,,,"(312) 663-1522 - Voice",,,,,
1000,,,128,,,"(800) 955-4572 - Toll-free - LLS Information Resource Center",,,,,
1001,,,132,,,"(800) 851-2166 - Toll-free",,,,,
1002,,,136,,,"(800) 586-4872 - Toll-free - 800-LUNG-USA",,,,,
1003,,,138,,,"(815) 756-5633 - Voice",,,,,
1004,,,149,,,"(800) 978-9474 - Toll-free",,,,,
1005,,,151,,,"(309) 452-4406 - Voice",,,,,
1006,,,160,,,"(309) 677-7272 - Voice",,,,,
1007,,,190,,,"(800) 426-0709 - Toll-free",,,,,
1008,,,212,,,"(818) 773-9999 - Toll-free",,,,,
1009,,,218,,,"(303) 839-1852 - Voice",,,,,
1010,,,294,,,"(309) 451-9495 - Voice",,,,,
1011,,,296,,,"(630) 577-1330 - Hotline",,,,,
1012,,,322,,,"(877) 581-3690 - Toll-free - COVID19 Hotline for DRS Customers",,,,,
1013,,,378,,,"(217) 735-2985 - Voice - Lisa Bobb",,,,,
1014,,,384,,,"(630) 933-4392 - Voice - Main",,,,,
1015,,,402,,,"(211) - Voice",,,,,
1016,,,422,,,"(800) 373-1700 - Toll-free - Outside Champaign County",,,,,
1017,,,432,,,"(800) 543-1770 - Toll-free",,,,,
1018,,,492,,,"(312) 592-6800 - Voice",,,,,
1019,,,500,,,"(708) 236-0863 - Voice",,,,,
1020,,,610,,,"(217) 782-1090 - Voice - Springfield Office",,,,,
1021,,,681,,,"(217) 355-4446 - Voice",,,,,
1022,,,687,,,"(800) 772-1213 - Toll-free",,,,,
1023,,,697,,,"(800) 359-2163 - Toll-free",,,,,
1024,,,699,,,"(309) 888-2551 - Voice - Headquarters",,,,,
1025,,,746,,,"(309) 663-0361 - Voice",,,,,
1026,,,764,,,"(217) 786-6857 - Voice - Intake - Questions Only - 24/7",,,,,
1027,,,792,,,"(618) 731-1600 - Voice",,,,,
1028,,,807,,,"(800) 841-6167 - Toll-free",,,,,
1029,,,833,,,"(844) 711-5106 - Voice - All Rosecrance locations/services",,,,,
1030,,,936,,,"(309) 688-5124 - Voice",,,,,
1031,,,3803,,,"(217) 384-4444 - Voice - Rape Crisis Hotline",,,,,
1032,,,3809,,,"(651) 647-9712 - Voice",,,,,
1033,,,3911,,,"(312) 932-0000 - Voice",,,,,
1034,,,4941,,,"(312) 787-0208 - Voice",,,,,
1035,,,5007,,,"(217) 637-2395 - Voice",,,,,
1036,,,5308,,,"(888) 501-1180 - Voice - 24 hour Assessment and Referrals",,,,,
1037,,,5671,,,"(800) 822-7972 - Toll-free",,,,,
1038,,,5759,,,"(217) 333-3252 - Voice",,,,,
1039,,,5991,,,"(800) 273-6027 - Toll-free",,,,,
1040,,,5993,,,"(847) 294-5877 - Voice",,,,,
1041,,,6057,,,"(847) 498-0385 - Voice",,,,,
1042,,,6839,,,"(217) 356-7291 - Voice",,,,,
1043,,,6861,,,"(217) 446-9377 - Voice",,,,,
1044,,,6863,,,"(217) 366-1200 - Voice - Main Number",,,,,
1045,,,7121,,,"(217) 898-8777 - Voice",,,,,
1046,,,7123,,,"(217) 384-3536 - Voice",,,,,
1047,,,7127,,,"(217) 552-3331 - Voice - Sally Denhart - Ramp Info",,,,,
1048,,,7155,,,"(217) 359-6261 - Voice",,,,,
1049,,,7157,,,"(217) 384-3826 - Voice",,,,,
1050,,,7159,,,"(217) 344-7297 - Voice",,,,,
1051,,,949,,,"(217) 333-6528 - Voice",,,,,
1052,,,977,,,"(217) 384-3360 - Voice",,,,,
1053,,,985,,,"(217) 782-6641 - Voice",,,,,
1054,,,1048,,,"(217) 428-4240 - Voice",,,,,
1055,,,1083,,,"(312) 201-9740 - Voice",,,,,
1056,,,1087,,,"(309) 671-0300 - Voice",,,,,
1057,,,1106,,,"(618) 398-0958 - Voice - Regional Office",,,,,
1058,,,1108,,,"(309) 829-8703 - Voice",,,,,
1059,,,1125,,,"(312) 440-0229 - Voice - General Info",,,,,
1060,,,1141,,,"(866) 436-7842 - Toll-free",,,,,
1061,,,1153,,,"(800) 550-4900 - Toll-free",,,,,
1062,,,1205,,,"(877) 437-9588 - Toll-free",,,,,
1063,,,1267,,,"(711) - Voice/TTY - National TRS",,,,,
1064,,,1273,,,"(815) 844-1500 - Voice",,,,,
1065,,,1360,,,"(800) 252-2873 - Toll-free - Child Abuse Hotline (1-800-25-ABUSE)",,,,,
1066,,,1362,,,"(800) 323-4769 - Toll-free - CFC Office Locator",,,,,
1067,,,1405,,,"(217) 352-6989 - Voice",,,,,
1068,,,1454,,,"(800) 252-8966 - Toll-free - Senior Helpline",,,,,
1069,,,1478,,,"(217) 403-6200 - Voice",,,,,
1070,,,1502,,,"(800) 243-2437 - Toll-free - (800-AID-AIDS)",,,,,
1071,,,1529,,,"(877) 725-0569 - Toll-free - Participants (Medicaid recipients only)",,,,,
1072,,,1579,,,"(800) 829-1040 - Toll-free - Tax Questions",,,,,
1073,,,1589,,,"(217) 384-4390 - Voice - 24-Hour Hotline",,,,,
1074,,,1658,,,"(217) 280-1868 - Voice - Retail Store",,,,,
1075,,,1676,,,"(800) 444-3338 - Toll-free",,,,,
1076,,,1711,,,"(217) 331-2923 - Voice",,,,,
1077,,,1725,,,"(309) 589-7033 - Voice - Peoria",,,,,
1078,,,1761,,,"(800) 477-8191 - National Toll-free",,,,,
1079,,,1807,,,"(773) 444-0305 - Voice",,,,,
1080,,,1824,,,"(800) 222-1222 - National Toll-free - 24 hours",,,,,
1081,,,1848,,,"(309) 827-6026 - Voice - Counseling & Substance Abuse Services",,,,,
1082,,,1874,,,"(309) 454-1770 - Voice",,,,,
1083,,,1907,,,"(757) 563-1600 - Voice - Headquarters",,,,,
1084,,,1922,,,"(217) 241-6600 - Ext. 2 - Voice",,,,,
1085,,,1933,,,"(309) 691-6906 - Voice",,,,,
1086,,,1993,,,"(309) 827-0374 - Voice",,,,,
1087,,,2032,,,"(312) 834-3784 - Voice",,,,,
1088,,,2043,,,"(800) 252-8966 - Senior Helpline",,,,,
1089,,,2047,,,"(309) 452-3035 - Voice",,,,,
1090,,,2159,,,"(217) 443-2999 - Voice",,,,,
1091,,,2169,,,"(217) 352-0099 - Voice - Family Service",,,,,
1092,,,2175,,,"(877) 969-0010 - National Toll-free",,,,,
1093,,,2237,,,"(217) 893-3219 - Voice",,,,,
1094,,,2258,,,"(847) 933-2413 - Voice",,,,,
1095,,,2361,,,"(309) 454-5433 - Voice",,,,,
1096,,,2426,,,"(217) 378-7100 - Voice",,,,,
1097,,,2437,,,"(800) 226-0768 - Toll-free",,,,,
1098,,,2449,,,"(800) 683-9793 - Toll-free - Frontier Customers",,,,,
1099,,,2461,,,"(217) 785-2509 - Voice - Office",,,,,
1100,,,2470,,,"(800) 843-6154 - Toll-free - DHS Customer Help Line",,,,,
1101,,,2481,,,"(800) 368-1463 - Toll-free - Abuse Reporting Hotline",,,,,
1102,,,2500,,,"(618) 382-4164 - Voice - Administration",,,,,
1103,,,2510,,,"(800) 723-3546 - Toll-free - Enrollment and Plan Changes Support",,,,,
1104,,,3724,,,"(217) 554-3000 - Voice",,,,,
1105,,,3744,,,"(800) 899-4722 - Toll-free",,,,,
1106,,,3763,,,"(309) 828-3406 - Voice",,,,,
1107,,,3813,,,"(847) 559-8195 - Voice",,,,,
1108,,,3864,,,"(630) 207-8479 - Voice",,,,,
1109,,,3866,,,"(217) 782-4977 - Voice - Administrative-Main Number",,,,,
1110,,,5126,,,"(217) 443-2955 - Voice",,,,,
1111,,,5136,,,"(217) 679-2896 - Voice",,,,,
1112,,,5156,,,"(217) 528-3314 - Voice",,,,,
1113,,,5797,,,"(217) 637-1343 - Voice",,,,,
1114,,,5917,,,"(773) 472-6469 - Voice - Office",,,,,
1115,,,5937,,,"(217) 782-2438 - Voice",,,,,
1116,,,6363,,,"(617) 287-7307 - Voice",,,,,
1117,,,6404,,,"(309) 808-2388 - Voice",,,,,
1118,,,6432,,,"(217) 875-0833 - Voice",,,,,
1119,,,6586,,,"(844) 571-4357 - Toll-free",,,,,
1120,,,7004,,,"(217) 442-9026 - Voice",,,,,
1121,,,7008,,,"(217) 344-5433 - Voice",,,,,
1122,,,7022,,,"(217) 443-5000 - Voice",,,,,
1123,,,7135,,,"(217) 418-5888 - Voice - Appointments Only",,,,,
1124,,,7149,,,,,,,,
1125,,,7153,,,"(217) 722-1732 - Voice/Text",,,,,
1126,,,7161,,,"(217) 384-3780 - Voice - Juvenile Detention Center",,,,,
1127,,,7165,,,"(217) 384-3784 - Voice",,,,,
1128,,,7167,,,"(217) 384-3733 - Voice - Main Number",,,,,
1129,,,7171,,,"(217) 359-5333 - Voice",,,,,
1130,,,7177,,,"(217) 352-9433 - Voice",,,,,
1131,,,7388,,,"(217) 352-5179 - Voice",,,,,
1132,,,7390,,,"(217) 384-9065 - Voice",,,,,
1133,,,7392,,,"(217) 352-6533 - Voice",,,,,
1134,,,7410,,,"(217) 403-2070 - Voice",,,,,
1135,,,7414,,,"(217) 359-7937 - Voice",,,,,
1136,,,7416,,,"(217) 819-4569 - Voice",,,,,
1137,,,7418,,,"(217) 384-4144 - Voice",,,,,
1138,,,7430,,,"(217) 586-6323 - Voice",,,,,
1139,,,7432,,,"(217) 892-8777 - Voice",,,,,
1140,,,7436,,,"(217) 239-4220 - Voice",,,,,
1141,,,7438,,,"(217) 359-9622 - Voice",,,,,
1142,,,7449,,,"(217) 344-5455 - Voice",,,,,
1143,,,7452,,,"(217) 355-5437 - Voice",,,,,
1144,,,7454,,,"(217) 782-3397 - Voice",,,,,
1145,,,7466,,,"(217) 373-7832 - Voice",,,,,
1146,,,7468,,,"(217) 244-1395 - Voice",,,,,
1147,,,7470,,,"(217) 352-6220 - Voice",,,,,
1148,,,7487,,,"(217) 384-8188 - Voice",,,,,
1149,,,7492,,,"(217) 621-1090 - Voice",,,,,
1150,,,7498,,,"(217) 384-2455 - Voice",,,,,
1151,,,7181,,,"(217) 373-2827 - Voice",,,,,
1152,,,7185,,,"(217) 352-7961 - Voice",,,,,
1153,,,7187,,,"(217) 239-1152 - Voice",,,,,
1154,,,7191,,,"(217) 402-5683 - Voice - Appointment Line",,,,,
1155,,,7195,,,"(217) 403-8700 - Voice",,,,,
1156,,,7197,,,"(217) 403-6120 - Voice",,,,,
1157,,,7199,,,"(217) 244-9494 - Voice - Champaign County Cases",,,,,
1158,,,7201,,,"(217) 344-8455 - Voice",,,,,
1159,,,7209,,,"(217) 333-3704 - Voice - Counseling Center",,,,,
1160,,,7213,,,"(217) 384-3616 - Voice",,,,,
1161,,,7215,,,"(217) 356-7687 - Voice",,,,,
1162,,,7217,,,"(217) 351-2221 - Voice",,,,,
1163,,,7219,,,"(810) 328-3272 - Voice - Amanda Bryan",,,,,
1164,,,7223,,,"(217) 356-9176 - Voice",,,,,
1165,,,7225,,,"(800) 252-8980 - Toll-free - In Illinois",,,,,
1166,,,7227,,,"(217) 359-1791 - Voice",,,,,
1167,,,7229,,,"(217) 352-9827 - Voice",,,,,
1168,,,7235,,,"(217) 337-2778 - Voice",,,,,
1169,,,7237,,,"(217) 328-3301 - Voice",,,,,
1170,,,7245,,,"(217) 356-6232 - Voice",,,,,
1171,,,7249,,,"(217) 351-2437 - Voice - Main Office",,,,,
1172,,,7255,,,"(217) 398-2580 - Voice",,,,,
1173,,,7259,,,"(217) 352-8748 - Voice",,,,,
1174,,,7261,,,"(217) 328-9373 - Voice",,,,,
1175,,,7265,,,,,,,,
1176,,,7273,,,"(217) 351-4545 - Voice",,,,,
1177,,,7275,,,"(815) 347-3064 - Voice - Holly",,,,,
1178,,,7285,,,"(217) 344-7233 - Voice",,,,,
1179,,,7287,,,"(217) 351-1853 - Voice",,,,,
1180,,,7289,,,"(217) 369-4958 - Voice - Minnie Pearson",,,,,
1181,,,7293,,,"(217) 352-5118 - Voice",,,,,
1182,,,7297,,,"(217) 351-2580 - Voice",,,,,
1183,,,7299,,,"(217) 333-0041 - Voice",,,,,
1184,,,7301,,,"(217) 351-9144 - Voice",,,,,
1185,,,7303,,,"(217) 355-2662 - Voice",,,,,
1186,,,7307,,,"(217) 353-4932 - Voice - Buckle-up line",,,,,
1187,,,7309,,,"(217) 355-5654 - Voice",,,,,
1188,,,7317,,,"(217) 367-2665 - Voice",,,,,
1189,,,7323,,,"(217) 328-6170 - Voice",,,,,
1190,,,7325,,,"(217) 333-1889 - Voice",,,,,
1191,,,7329,,,"(217) 367-1544 - Voice",,,,,
1192,,,7333,,,"(217) 352-5151 - Voice",,,,,
1193,,,7335,,,"(217) 333-7672 - Voice",,,,,
1194,,,7337,,,"(217) 384-3530 - Voice",,,,,
1195,,,7339,,,"(708) 782-4608 - Voice",,,,,
1196,,,7341,,,"(217) 384-2456 - Voice - Mayor's Office",,,,,
1197,,,7345,,,"(217) 367-4057 - Voice - Main Number",,,,,
1198,,,7347,,,"(217) 384-2320 - Voice",,,,,
1199,,,7351,,,"(217) 384-3600 - Voice",,,,,
1200,,,7378,,,"(217) 383-3311 - Voice",,,,,
1201,,,7386,,,"(217) 383-4375 - Voice",,,,,
1202,,,7402,,,"(855) 462-0100 - Toll-free",,,,,
1203,,,7404,,,"(217) 819-3556 - Voice",,,,,
1204,,,7408,,,"(217) 328-3313 - Voice - Main Line",,,,,
1205,,,7420,,,"(217) 893-1530 - Voice",,,,,
1206,,,7422,,,"(217) 607-0546 - Voice",,,,,
1207,,,7426,,,"(217) 819-1976 - Voice",,,,,
1208,,,7440,,,"(217) 344-1120 - Voice",,,,,
1209,,,7442,,,"(217) 356-1558 - Voice",,,,,
1210,,,7447,,,"(217) 384-3076 - Voice",,,,,
1211,,,7457,,,"(217) 337-2730 - Voice - Crisis Line",,,,,
1212,,,7462,,,"(217) 359-0507 - Voice",,,,,
1213,,,7464,,,"(217) 356-1925 - Voice",,,,,
1214,,,7511,,,"(217) 384-1204 - Voice - General Inquiries",,,,,
1215,,,7537,,,"(217) 384-2447 - Voice",,,,,
1216,,,7545,,,"(217) 282-9607 - Voice",,,,,
1217,,,7559,,,"(217) 333-8911 - Voice - Dispatch, Non-Emergency",,,,,
1218,,,7561,,,"(217) 893-5600 - Voice - Administration",,,,,
1219,,,7563,,,"(217) 586-5533 - Voice - Records/Administration",,,,,
1220,,,7573,,,"(217) 239-0142 - Voice",,,,,
1221,,,7601,,,"(217) 403-8830 - Voice",,,,,
1222,,,7603,,,"(217) 403-7070 - Voice",,,,,
1223,,,7649,,,"(217) 351-3881 - Voice",,,,,
1224,,,7683,,,,,,,,
1225,,,7686,,,"(217) 384-3616 - Voice",,,,,
1226,,,7693,,,"(217) 356-9078 - Ext. 107 - Voice - Ruth Moore Community Outreach",,,,,
1227,,,7549,,,"(217) 337-2000 - Voice",,,,,
1228,,,7551,,,"(217) 892-6800 - Voice",,,,,
1229,,,7553,,,"(217) 586-4456 - Voice",,,,,
1230,,,7555,,,"(217) 384-3776 - Voice",,,,,
1231,,,7579,,,"(217) 893-9350 - Voice",,,,,
1232,,,7581,,,"(217) 586-5757 - Voice",,,,,
1233,,,7588,,,"(217) 903-5900 - Voice",,,,,
1234,,,7599,,,"(217) 384-3760 - Voice",,,,,
1235,,,7651,,,"(888) 444-2359 - Toll-free",,,,,
1236,,,7679,,,"(217) 351-3841 - Voice",,,,,
1237,,,7681,,,"(217) 384-1266 - Voice",,,,,
1238,,,7695,,,"(217) 351-2120 - Voice",,,,,
1239,,,7731,,,"(217) 384-3505 - Voice",,,,,
1240,,,7793,,,"(217) 356-5164 - Voice",,,,,
1241,,,8674,,,"(217) 384-3753 - Voice",,,,,
1242,,,8677,,,"(217) 384-3714 - Voice",,,,,
1243,,,8685,,,"(217) 377-9762 - Voice",,,,,
1244,,,8696,,,"(217) 586-3392 - Voice - Contact First - Ann Paul, President",,,,,
1245,,,8992,,,"(217) 268-3051 - Voice",,,,,
1246,,,9006,,,"(217) 348-3869 - Voice",,,,,
1247,,,9084,,,"(847) 515-1505 - Voice",,,,,
1248,,,9180,,,"(815) 978-9871 - Voice",,,,,
1249,,,9214,,,"(815) 269-2970 - Voice",,,,,
1250,,,9356,,,"(309) 682-1113 - Voice",,,,,
1251,,,9622,,,"(217) 384-3725 - Voice",,,,,
1252,,,9949,,,"(217) 834-3349 - Voice",,,,,
1253,,,7938,,,"(217) 253-4137 - Voice",,,,,
1254,,,7940,,,,,,,,
1255,,,8081,,,"(217) 417-5897 - Voice - La Linea Immigrant Helpline",,,,,
1256,,,8418,,,"(217) 893-4673 - Voice",,,,,
1257,,,8715,,,"(800) 464-6010 - Toll-free - Application Questions",,,,,
1258,,,8879,,,"(217) 532-2001 - Voice",,,,,
1259,,,8914,,,"(877) 882-1495 - Voice",,,,,
1260,,,8958,,,"(309) 691-8113 - Voice",,,,,
1261,,,9093,,,"(312) 795-0000 - Voice",,,,,
1262,,,9122,,,"(217) 355-4120 - Voice - Home Care",,,,,
1263,,,9160,,,"(312) 347-7600 - Voice",,,,,
1264,,,9368,,,"(217) 333-6503 - Voice",,,,,
1265,,,9394,,,"(855) 846-8376 - Voice",,,,,
1266,,,9497,,,"(309) 698-3060 - Voice",,,,,
1267,,,9959,,,"(217) 328-3663 - Voice",,,,,
1268,,,10018,,,"(217) 586-2611 - Voice",,,,,
1269,,,10020,,,"(217) 893-5700 - Voice",,,,,
1270,,,10022,,,"(217) 892-6824 - Voice",,,,,
1271,,,10100,,,"(217) 379-4302 - Voice",,,,,
1272,,,10102,,,"(217) 403-3710 - Voice",,,,,
1273,,,10159,,,"(217) 351-3701 - Voice",,,,,
1274,,,10396,,,"(217) 337-9057 - Voice",,,,,
1275,,,10451,,,"(217) 344-2144 - Voice",,,,,
1276,,,10453,,,"(630) 754-4500 - Voice",,,,,
1277,,,10058,,,"(217) 356-3852 - Voice",,,,,
1278,,,10060,,,"(217) 359-2122 - Voice",,,,,
1279,,,10063,,,"(217) 333-1000 - Voice",,,,,
1280,,,10073,,,"(217) 428-3458 - Voice",,,,,
1281,,,10287,,,"(217) 552-1177 - Voice",,,,,
1282,,,10289,,,"(217) 649-1389 - Voice - Voice & text",,,,,
1283,,,10377,,,"(217) 359-3631 - Voice",,,,,
1284,,,10468,,,"(847) 262-5134 - Voice",,,,,
1285,,,10527,,,"(847) 668-2114 - Voice",,,,,
1286,,,10724,,,"(217) 784-4540 - Voice",,,,,
1287,,,10893,,,"(217) 892-6035 - Voice - Trisha Freeman, Contact",,,,,
1288,,,10902,,,"(309) 212-2205 - Voice",,,,,
1289,,,10920,,,"(217) 344-1593 - Voice",,,,,
1290,,,10922,,,"(217) 344-5091 - Voice",,,,,
1291,,,10987,,,"(309) 530-3327 - Voice",,,,,
1292,,,11045,,,"(217) 431-8825 - Ext. 4 - Voice",,,,,
1293,,,11164,,,"(855) 452-3526 - Voice - (855-IL-AFLAN)",,,,,
1294,,,11184,,,"(815) 370-6147 - Voice",,,,,
1295,,,11212,,,,,,,,
1296,,,11231,,,"(847) 240-0027 - Voice",,,,,
1297,,,11366,,,,,,,,
1298,,,11634,,,"(630) 758-2600 - Voice",,,,,
1299,,,11643,,,"(217) 782-0244 - Voice - Office of the Governor",,,,,
1300,,,11701,,,,,,,,
1301,,,10805,,,,,,,,
1302,,,10810,,,"(312) 855-9444 - Voice - Corporate Office",,,,,
1303,,,10864,,,"(217) 398-9077 - Voice",,,,,
1304,,,10926,,,"(217) 384-3798 - Voice - Office",,,,,
1305,,,10949,,,"(866) 364-6667 - Toll-free - 24/7",,,,,
1306,,,10951,,,"(800) 944-8766 - Toll-free - Chat Number - Use Participant Code 73162",,,,,
1307,,,11082,,,"(217) 721-2686 - Voice",,,,,
1308,,,11094,,,"(217) 351-3722 - Voice - Champaign Unit School District #4",,,,,
1309,,,11156,,,"(217) 238-5700 - Voice",,,,,
1310,,,11259,,,"(217) 528-4713 - Voice",,,,,
1311,,,11347,,,"(312) 726-5699 - Voice",,,,,
1312,,,11419,,,,,,,,
1313,,,11566,,,"(708) 331-7370 - Voice",,,,,
1314,,,11713,,,,,,,,
1315,,,11714,,,,,,,,
1316,,,11715,,,"(800) 524-0795 - Toll-free - Within Illinois",,,,,
1317,,,11740,,,,,,,,
1318,,,11850,,,,,,,,
1319,,,11932,,,,,,,,
1320,,,11716,,,"(217) 652-9611 - Voice - Administration",,,,,
1321,,,11731,,,"(312) 814-2420 - Voice",,,,,
1322,,,11736,,,,,,,,
1323,,,11739,,,"(847) 441-7200 - Voice",,,,,
1324,,,11993,,,"(847) 791-7722 - Voice - Dr. Sarah Allen - Counseling & Workshops",,,,,
1325,,,12051,,,"(312) 922-2200 - Phone",,,,,
1326,,,12080,,,"(312) 251-1680 - Voice",,,,,
1327,,,12232,,,"(773) 582-5852 - Voice - USO Midway",,,,,
1328,,,13603,,,"(217) 607-1906 - Voice",,,,,
1329,,,13678,,,"(217) 356-1879 - Voice",,,,,
1330,,,13729,,,"(217) 893-3955 - Voice",,,,,
1331,,,13815,,,"(217) 377-9273 - Voice",,,,,
1332,,,13902,,,,,,,,
1333,,,14013,,,"(217) 365-2857 - Voice",,,,,
1334,,,,,,"(217) ANI-HELP",,,,,
1335,,,,,,"(217) ANI-1234",,,,,
1336,,,,,,"(217) CDC-HELP",,,,,
1337,,,,,,"(217) CDC-HELP (ORG)",,,,,
1338,,,,,,"(217) 123-4567",,,,,
1339,,,,,,"(217) CDC-QUES",,,,,
1340,,,,,,217CDC-GRADS,,,,,
1341,,,,,,"(217) 211-CHMP",,,,,
1342,,,,,,"(217) 211-DIRS",,,,,
